safeguard,cartel,family,premium,premium_none,removed,collateral,pool_share_sincere
S1 COI,clique k=11,S1,1.944,1.9603,0.017,0.0162,0.0
S1 COI,clique k=20,S1,1.9008,1.9182,0.0189,0.0162,0.0
S1 COI,clique k=5,S1,1.9638,1.9784,0.015,0.0162,0.0
S1 COI,ring k=3,S1,1.9585,1.9841,0.026,0.0162,0.0
S1 COI,ring k=5,S1,1.9656,1.9784,0.0131,0.0162,0.0
S1+S2(0.1)+S3(1),clique k=11,Combined,1.1849,1.9603,0.8075,0.0248,0.0897
S1+S2(0.1)+S3(1),clique k=20,Combined,1.2039,1.9182,0.7779,0.0248,0.0897
S1+S2(0.1)+S3(1),clique k=5,Combined,1.0898,1.9784,0.9082,0.0248,0.0897
S1+S2(0.1)+S3(1),ring k=3,Combined,1.0867,1.9841,0.9119,0.0248,0.0897
S1+S2(0.1)+S3(1),ring k=5,Combined,1.0841,1.9784,0.9141,0.0248,0.0897
S1+S2(0.1)+S3(1)+S4(L=5),clique k=11,Combined,1.1717,1.9603,0.8212,0.0258,0.0976
S1+S2(0.1)+S3(1)+S4(L=5),clique k=20,Combined,1.1948,1.9182,0.7878,0.0258,0.0976
S1+S2(0.1)+S3(1)+S4(L=5),clique k=5,Combined,1.0877,1.9784,0.9104,0.0258,0.0976
S1+S2(0.1)+S3(1)+S4(L=5),ring k=3,Combined,1.0864,1.9841,0.9122,0.0258,0.0976
S1+S2(0.1)+S3(1)+S4(L=5),ring k=5,Combined,1.0838,1.9784,0.9143,0.0258,0.0976
S2 c=0.05,clique k=11,S2,1.3254,1.9603,0.6611,0.1593,0.5
S2 c=0.05,clique k=20,S2,1.837,1.9182,0.0884,0.1593,0.5
S2 c=0.05,clique k=5,S2,1.1098,1.9784,0.8878,0.1593,0.5
S2 c=0.05,ring k=3,S2,1.0253,1.9841,0.9743,0.1593,0.5
S2 c=0.05,ring k=5,S2,1.0253,1.9784,0.9741,0.1593,0.5
S2 c=0.1,clique k=11,S2,1.9596,1.9603,0.0007,0.0006,0.0
S2 c=0.1,clique k=20,S2,1.9192,1.9182,-0.0011,0.0006,0.0
S2 c=0.1,clique k=5,S2,1.2452,1.9784,0.7494,0.0006,0.0
S2 c=0.1,ring k=3,S2,1.0502,1.9841,0.9489,0.0006,0.0
S2 c=0.1,ring k=5,S2,1.0506,1.9784,0.9482,0.0006,0.0
S2 c=0.2,clique k=11,S2,1.9603,1.9603,-0.0001,-0.0007,0.0
S2 c=0.2,clique k=20,S2,1.9182,1.9182,-0.0001,-0.0007,0.0
S2 c=0.2,clique k=5,S2,1.6541,1.9784,0.3315,-0.0007,0.0
S2 c=0.2,ring k=3,S2,1.1082,1.9841,0.89,-0.0007,0.0
S2 c=0.2,ring k=5,S2,1.1088,1.9784,0.8888,-0.0007,0.0
S2(0.1)+S4u(L=5),clique k=11,Combined,1.4495,1.9603,0.5319,0.0027,0.0461
S2(0.1)+S4u(L=5),clique k=20,Combined,1.6224,1.9182,0.3221,0.0027,0.0461
S2(0.1)+S4u(L=5),clique k=5,Combined,1.2306,1.9784,0.7643,0.0027,0.0461
S2(0.1)+S4u(L=5),ring k=3,Combined,1.0529,1.9841,0.9462,0.0027,0.0461
S2(0.1)+S4u(L=5),ring k=5,Combined,1.0535,1.9784,0.9453,0.0027,0.0461
S3 δ=0.5,clique k=11,S3,1.452,1.9603,0.5293,-0.0014,0.0527
S3 δ=0.5,clique k=20,S3,1.46,1.9182,0.499,-0.0014,0.0527
S3 δ=0.5,clique k=5,S3,1.4425,1.9784,0.5477,-0.0014,0.0527
S3 δ=0.5,ring k=3,S3,2.0205,1.9841,-0.037,-0.0014,0.0527
S3 δ=0.5,ring k=5,S3,2.0135,1.9784,-0.0358,-0.0014,0.0527
S3 δ=1,clique k=11,S3,1.188,1.9603,0.8042,0.0018,0.1003
S3 δ=1,clique k=20,S3,1.2179,1.9182,0.7626,0.0018,0.1003
S3 δ=1,clique k=5,S3,1.1682,1.9784,0.8281,0.0018,0.1003
S3 δ=1,ring k=3,S3,2.0554,1.9841,-0.0724,0.0018,0.1003
S3 δ=1,ring k=5,S3,2.0464,1.9784,-0.0695,0.0018,0.1003
S3(1)+S4(L=5),clique k=11,Combined,1.1741,1.9603,0.8187,0.0026,0.1103
S3(1)+S4(L=5),clique k=20,Combined,1.2075,1.9182,0.774,0.0026,0.1103
S3(1)+S4(L=5),clique k=5,Combined,1.1418,1.9784,0.8551,0.0026,0.1103
S3(1)+S4(L=5),ring k=3,Combined,1.6481,1.9841,0.3415,0.0026,0.1103
S3(1)+S4(L=5),ring k=5,Combined,1.9276,1.9784,0.0519,0.0026,0.1103
S4 L=3 δ=1,clique k=11,S4,1.8344,1.9603,0.1311,-0.0009,0.0137
S4 L=3 δ=1,clique k=20,S4,1.8538,1.9182,0.0702,-0.0009,0.0137
S4 L=3 δ=1,clique k=5,S4,1.6943,1.9784,0.2904,-0.0009,0.0137
S4 L=3 δ=1,ring k=3,S4,1.5922,1.9841,0.3983,-0.0009,0.0137
S4 L=3 δ=1,ring k=5,S4,1.9798,1.9784,-0.0014,-0.0009,0.0137
S4 L=5 δ=1,clique k=11,S4,1.8071,1.9603,0.1595,-0.0011,0.016
S4 L=5 δ=1,clique k=20,S4,1.8388,1.9182,0.0865,-0.0011,0.016
S4 L=5 δ=1,clique k=5,S4,1.6424,1.9784,0.3434,-0.0011,0.016
S4 L=5 δ=1,ring k=3,S4,1.5924,1.9841,0.3981,-0.0011,0.016
S4 L=5 δ=1,ring k=5,S4,1.8658,1.9784,0.1151,-0.0011,0.016
S4u L=3 δ=1,clique k=11,S4,1.6618,1.9603,0.3109,-0.0018,0.0341
S4u L=3 δ=1,clique k=20,S4,1.7569,1.9182,0.1757,-0.0018,0.0341
S4u L=3 δ=1,clique k=5,S4,1.3871,1.9784,0.6044,-0.0018,0.0341
S4u L=3 δ=1,ring k=3,S4,0.9997,1.9841,1.0003,-0.0018,0.0341
S4u L=3 δ=1,ring k=5,S4,1.982,1.9784,-0.0037,-0.0018,0.0341
S4u L=5 δ=1,clique k=11,S4,1.4509,1.9603,0.5304,-0.0022,0.0568
S4u L=5 δ=1,clique k=20,S4,1.6237,1.9182,0.3207,-0.0022,0.0568
S4u L=5 δ=1,clique k=5,S4,1.0888,1.9784,0.9092,-0.0022,0.0568
S4u L=5 δ=1,ring k=3,S4,1.001,1.9841,0.999,-0.0022,0.0568
S4u L=5 δ=1,ring k=5,S4,1.0025,1.9784,0.9975,-0.0022,0.0568
α=0.2,clique k=11,α,1.2448,1.9603,0.7451,0.1954,0.0
α=0.2,clique k=20,α,1.2372,1.9182,0.7417,0.1954,0.0
α=0.2,clique k=5,α,1.247,1.9784,0.7475,0.1954,0.0
α=0.2,ring k=3,α,1.248,1.9841,0.748,0.1954,0.0
α=0.2,ring k=5,α,1.247,1.9784,0.7475,0.1954,0.0
α=0.35,clique k=11,α,1.5233,1.9603,0.455,0.0488,0.0
α=0.35,clique k=20,α,1.5046,1.9182,0.4504,0.0488,0.0
α=0.35,clique k=5,α,1.5301,1.9784,0.4582,0.0488,0.0
α=0.35,ring k=3,α,1.5325,1.9841,0.4589,0.0488,0.0
α=0.35,ring k=5,α,1.5301,1.9784,0.4582,0.0488,0.0
